Country,Year,GDP Total
Afghanistan,2009,12439087077.0
Afghanistan,2010,15856574731.0
Afghanistan,2011,17804292964.0
Afghanistan,2012,20001598506.0
Afghanistan,2013,20561069558.0
Afghanistan,2014,20484885120.0
Afghanistan,2015,19907111419.0
Afghanistan,2016,18017749074.0
Afghanistan,2017,18869945678.0
Afghanistan,2018,18353881130.0
Afghanistan,2019,19291104008.0
Afghanistan,2020,19807067268.0
Albania,2009,12044223353.0
Albania,2010,11926928506.0
Albania,2011,12890765324.0
Albania,2012,12319830252.0
Albania,2013,12776217195.0
Albania,2014,13228144008.0
Albania,2015,11386846319.0
Albania,2016,11861200797.0
Albania,2017,13019693451.0
Albania,2018,15147020535.0
Albania,2019,15286612573.0
Albania,2020,14799615097.0
Algeria,2009,137211000000.0
Algeria,2010,161207000000.0
Algeria,2011,200013000000.0
Algeria,2012,209059000000.0
Algeria,2013,209755000000.0
Algeria,2014,213810000000.0
Algeria,2015,165979000000.0
Algeria,2016,160034000000.0
Algeria,2017,170097000000.0
Algeria,2018,175415000000.0
Algeria,2019,171158000000.0
Algeria,2020,145164000000.0
Argentina,2009,332976000000.0
Argentina,2010,423627000000.0
Argentina,2011,530163000000.0
Argentina,2012,545982000000.0
Argentina,2013,552025000000.0
Argentina,2014,526320000000.0
Argentina,2015,594749000000.0
Argentina,2016,557531000000.0
Argentina,2017,643629000000.0
Argentina,2018,517627000000.0
Argentina,2019,445445000000.0
Argentina,2020,383067000000.0
Armenia,2009,8647936748.0
Armenia,2010,9260284938.0
Armenia,2011,10142111334.0
Armenia,2012,10619320049.0
Armenia,2013,11121465767.0
Armenia,2014,11609512940.0
Armenia,2015,10553337673.0
Armenia,2016,10546135160.0
Armenia,2017,11527458566.0
Armenia,2018,12457941907.0
Armenia,2019,13672802158.0
Armenia,2020,12645459214.0
Australia,2009,927805000000.0
Australia,2010,1146140000000.0
Australia,2011,1396650000000.0
Australia,2012,1546150000000.0
Australia,2013,1576180000000.0
Australia,2014,1467480000000.0
Australia,2015,1351690000000.0
Australia,2016,1208850000000.0
Australia,2017,1329190000000.0
Australia,2018,1432880000000.0
Australia,2019,1396570000000.0
Australia,2020,1330900000000.0
Austria,2009,400172000000.0
Austria,2010,391893000000.0
Austria,2011,431120000000.0
Austria,2012,409425000000.0
Austria,2013,430069000000.0
Austria,2014,441996000000.0
Austria,2015,381818000000.0
Austria,2016,395569000000.0
Austria,2017,416207000000.0
Austria,2018,454873000000.0
Austria,2019,445075000000.0
Austria,2020,430947000000.0
Azerbaijan,2009,44291490421.0
Azerbaijan,2010,52909294792.0
Azerbaijan,2011,65951627200.0
Azerbaijan,2012,69683935845.0
Azerbaijan,2013,74164435946.0
Azerbaijan,2014,75244294275.0
Azerbaijan,2015,53074370486.0
Azerbaijan,2016,37867518957.0
Azerbaijan,2017,40865558912.0
Azerbaijan,2018,47112941176.0
Azerbaijan,2019,48174235294.0
Azerbaijan,2020,42607176471.0
Bahrain,2009,22938218085.0
Bahrain,2010,25713271277.0
Bahrain,2011,28776595745.0
Bahrain,2012,30749308511.0
Bahrain,2013,32539468085.0
Bahrain,2014,33387712766.0
Bahrain,2015,31050638298.0
Bahrain,2016,32234973404.0
Bahrain,2017,35473776596.0
Bahrain,2018,37652500000.0
Bahrain,2019,38474521277.0
Bahrain,2020,34156777522.0
Bangladesh,2009,102478000000.0
Bangladesh,2010,115279000000.0
Bangladesh,2011,128638000000.0
Bangladesh,2012,133356000000.0
Bangladesh,2013,149990000000.0
Bangladesh,2014,172885000000.0
Bangladesh,2015,195079000000.0
Bangladesh,2016,221415000000.0
Bangladesh,2017,249711000000.0
Bangladesh,2018,274039000000.0
Bangladesh,2019,302563000000.0
Bangladesh,2020,324239000000.0
Barbados,2009,4465500000.0
Barbados,2010,4530000000.0
Barbados,2011,4657500000.0
Barbados,2012,4610000000.0
Barbados,2013,4677000000.0
Barbados,2014,4696500000.0
Barbados,2015,4715000000.0
Barbados,2016,4830000000.0
Barbados,2017,4978000000.0
Barbados,2018,5086500000.0
Barbados,2019,5209000000.0
Barbados,2020,4365500000.0
Belarus,2009,50874078052.0
Belarus,2010,57222490769.0
Belarus,2011,61757788945.0
Belarus,2012,65685102555.0
Belarus,2013,75527984234.0
Belarus,2014,78813839984.0
Belarus,2015,56454734397.0
Belarus,2016,47722657821.0
Belarus,2017,54726595249.0
Belarus,2018,60031262269.0
Belarus,2019,64409647194.0
Belarus,2020,60258239056.0
Belgium,2009,481346000000.0
Belgium,2010,480952000000.0
Belgium,2011,522646000000.0
Belgium,2012,496181000000.0
Belgium,2013,521643000000.0
Belgium,2014,534678000000.0
Belgium,2015,462150000000.0
Belgium,2016,475740000000.0
Belgium,2017,501523000000.0
Belgium,2018,543411000000.0
Belgium,2019,533255000000.0
Belgium,2020,515332000000.0
Belize,2009,1317309446.0
Belize,2010,1377177083.0
Belize,2011,1460797903.0
Belize,2012,1522897506.0
Belize,2013,1579411253.0
Belize,2014,1667335061.0
Belize,2015,1721700991.0
Belize,2016,1789304088.0
Belize,2017,1858529677.0
Belize,2018,1915899787.0
Belize,2019,1982518541.0
Belize,2020,1763696119.0
Bolivia,2009,17339992165.0
Bolivia,2010,19649631308.0
Bolivia,2011,23963033429.0
Bolivia,2012,27084497482.0
Bolivia,2013,30659338886.0
Bolivia,2014,32996188017.0
Bolivia,2015,33000198249.0
Bolivia,2016,33941126194.0
Bolivia,2017,37508642171.0
Bolivia,2018,40287647931.0
Bolivia,2019,40895322851.0
Bolivia,2020,36688861203.0
Botswana,2009,10267133178.0
Botswana,2010,12786654498.0
Botswana,2011,15351972361.0
Botswana,2012,14380004175.0
Botswana,2013,14901750991.0
Botswana,2014,16250781587.0
Botswana,2015,14420593484.0
Botswana,2016,15646354089.0
Botswana,2017,17405588070.0
Botswana,2018,18663265549.0
Botswana,2019,18362348888.0
Botswana,2020,15781732826.0
Brazil,2009,1667020000000.0
Brazil,2010,2208870000000.0
Brazil,2011,2616200000000.0
Brazil,2012,2465190000000.0
Brazil,2013,2472810000000.0
Brazil,2014,2455990000000.0
Brazil,2015,1802210000000.0
Brazil,2016,1795700000000.0
Brazil,2017,2063510000000.0
Brazil,2018,1916950000000.0
Brazil,2019,1877810000000.0
Brazil,2020,1444730000000.0
Bulgaria,2009,52023504656.0
Bulgaria,2010,50381825504.0
Bulgaria,2011,57386216850.0
Bulgaria,2012,54033250329.0
Bulgaria,2013,55615397666.0
Bulgaria,2014,56901994980.0
Bulgaria,2015,50647442757.0
Bulgaria,2016,53806894796.0
Bulgaria,2017,58971520599.0
Bulgaria,2018,66230155100.0
Bulgaria,2019,68558815112.0
Bulgaria,2020,69105101090.0
Cambodia,2009,10401851851.0
Cambodia,2010,11242275199.0
Cambodia,2011,12829541141.0
Cambodia,2012,14054443213.0
Cambodia,2013,15227991395.0
Cambodia,2014,16702610842.0
Cambodia,2015,18049954289.0
Cambodia,2016,20016747754.0
Cambodia,2017,22177200512.0
Cambodia,2018,24571753584.0
Cambodia,2019,27089389787.0
Cambodia,2020,25291251427.0
Cameroon,2009,26122645991.0
Cameroon,2010,26169323293.0
Cameroon,2011,29375448542.0
Cameroon,2012,29102772799.0
Cameroon,2013,32357345501.0
Cameroon,2014,34989493826.0
Cameroon,2015,30928653814.0
Cameroon,2016,32643697596.0
Cameroon,2017,35009262788.0
Cameroon,2018,38694156863.0
Cameroon,2019,39007354359.0
Cameroon,2020,39802147568.0
Canada,2009,1374630000000.0
Canada,2010,1617340000000.0
Canada,2011,1793330000000.0
Canada,2012,1828370000000.0
Canada,2013,1846600000000.0
Canada,2014,1805750000000.0
Canada,2015,1556510000000.0
Canada,2016,1527990000000.0
Canada,2017,1649270000000.0
Canada,2018,1721850000000.0
Canada,2019,1741580000000.0
Canada,2020,1644040000000.0
Chile,2009,172389000000.0
Chile,2010,218538000000.0
Chile,2011,252252000000.0
Chile,2012,267122000000.0
Chile,2013,278384000000.0
Chile,2014,260542000000.0
Chile,2015,243919000000.0
Chile,2016,250440000000.0
Chile,2017,277035000000.0
Chile,2018,297572000000.0
Chile,2019,279385000000.0
Chile,2020,252940000000.0
China,2009,5101700000000.0
China,2010,6087160000000.0
China,2011,7551500000000.0
China,2012,8532230000000.0
China,2013,9570410000000.0
China,2014,10475700000000.0
China,2015,11061600000000.0
China,2016,11233300000000.0
China,2017,12310400000000.0
China,2018,13894800000000.0
China,2019,14279900000000.0
China,2020,14722700000000.0
Colombia,2009,232398000000.0
Colombia,2010,286563000000.0
Colombia,2011,334944000000.0
Colombia,2012,370921000000.0
Colombia,2013,382116000000.0
Colombia,2014,381112000000.0
Colombia,2015,293482000000.0
Colombia,2016,282825000000.0
Colombia,2017,311884000000.0
Colombia,2018,334198000000.0
Colombia,2019,323430000000.0
Colombia,2020,271347000000.0
Costa Rica,2009,30745712007.0
Costa Rica,2010,37658614803.0
Costa Rica,2011,42762617082.0
Costa Rica,2012,47231651865.0
Costa Rica,2013,50949672206.0
Costa Rica,2014,52016408951.0
Costa Rica,2015,56441917653.0
Costa Rica,2016,58847016045.0
Costa Rica,2017,60516043590.0
Costa Rica,2018,62335931464.0
Costa Rica,2019,63951114302.0
Costa Rica,2020,61520669890.0
Croatia,2009,62600093959.0
Croatia,2010,59918313669.0
Croatia,2011,62537851352.0
Croatia,2012,56580819624.0
Croatia,2013,58194069434.0
Croatia,2014,57639588806.0
Croatia,2015,49525747504.0
Croatia,2016,51601147666.0
Croatia,2017,55481644098.0
Croatia,2018,61375222347.0
Croatia,2019,60752588976.0
Croatia,2020,55966581780.0
Cuba,2009,62080000000.0
Cuba,2010,64328000000.0
Cuba,2011,68990000000.0
Cuba,2012,73141000000.0
Cuba,2013,77148000000.0
Cuba,2014,80656000000.0
Cuba,2015,87133000000.0
Cuba,2016,91370000000.0
Cuba,2017,96851000000.0
Cuba,2018,100050000000.0
Cuba,2019,103131000000.0
Cuba,2020,80915557428.0
Cyprus,2009,25945391775.0
Cyprus,2010,25732432719.0
Cyprus,2011,27565469098.0
Cyprus,2012,24978513427.0
Cyprus,2013,23900872626.0
Cyprus,2014,23156850007.0
Cyprus,2015,19842404305.0
Cyprus,2016,20953442550.0
Cyprus,2017,22729184365.0
Cyprus,2018,25309818139.0
Cyprus,2019,24949065264.0
Cyprus,2020,23804340377.0
Czech Republic,2009,207434000000.0
Czech Republic,2010,209070000000.0
Czech Republic,2011,229563000000.0
Czech Republic,2012,208858000000.0
Czech Republic,2013,211686000000.0
Czech Republic,2014,209359000000.0
Czech Republic,2015,188033000000.0
Czech Republic,2016,196272000000.0
Czech Republic,2017,218629000000.0
Czech Republic,2018,248950000000.0
Czech Republic,2019,252498000000.0
Czech Republic,2020,245349000000.0
Denmark,2009,321241000000.0
Denmark,2010,321995000000.0
Denmark,2011,344003000000.0
Denmark,2012,327149000000.0
Denmark,2013,343584000000.0
Denmark,2014,352994000000.0
Denmark,2015,302673000000.0
Denmark,2016,313116000000.0
Denmark,2017,332121000000.0
Denmark,2018,356841000000.0
Denmark,2019,347561000000.0
Denmark,2020,356085000000.0
Dominican Republic,2009,48261033298.0
Dominican Republic,2010,53860175556.0
Dominican Republic,2011,58029750746.0
Dominican Republic,2012,60681537196.0
Dominican Republic,2013,62682163837.0
Dominican Republic,2014,67179914027.0
Dominican Republic,2015,71164825257.0
Dominican Republic,2016,75704720190.0
Dominican Republic,2017,79997975622.0
Dominican Republic,2018,85555378043.0
Dominican Republic,2019,88941299734.0
Dominican Republic,2020,78844702329.0
Ecuador,2009,62519686000.0
Ecuador,2010,69555367000.0
Ecuador,2011,79276664000.0
Ecuador,2012,87924544000.0
Ecuador,2013,95129659000.0
Ecuador,2014,101726000000.0
Ecuador,2015,99290381000.0
Ecuador,2016,99937696000.0
Ecuador,2017,104296000000.0
Ecuador,2018,107562000000.0
Ecuador,2019,108108000000.0
Ecuador,2020,98808010000.0
Egypt,2009,189147000000.0
Egypt,2010,218984000000.0
Egypt,2011,235990000000.0
Egypt,2012,279117000000.0
Egypt,2013,288434000000.0
Egypt,2014,305595000000.0
Egypt,2015,329367000000.0
Egypt,2016,332442000000.0
Egypt,2017,235734000000.0
Egypt,2018,249713000000.0
Egypt,2019,303081000000.0
Egypt,2020,363069000000.0
El Salvador,2009,17601620000.0
El Salvador,2010,18447920000.0
El Salvador,2011,20283790000.0
El Salvador,2012,21386150000.0
El Salvador,2013,21990970000.0
El Salvador,2014,22593460000.0
El Salvador,2015,23438240000.0
El Salvador,2016,24191430000.0
El Salvador,2017,24979200000.0
El Salvador,2018,26020850000.0
El Salvador,2019,26896660000.0
El Salvador,2020,24638720000.0
Estonia,2009,19633031398.0
Estonia,2010,19523477326.0
Estonia,2011,23183616046.0
Estonia,2012,23020466785.0
Estonia,2013,25108615092.0
Estonia,2014,26598657881.0
Estonia,2015,22881558192.0
Estonia,2016,24056487771.0
Estonia,2017,26857880622.0
Estonia,2018,30474612057.0
Estonia,2019,31045591753.0
Estonia,2020,30650285472.0
Ethiopia,2009,32437389116.0
Ethiopia,2010,29933790334.0
Ethiopia,2011,31952763089.0
Ethiopia,2012,43310721414.0
Ethiopia,2013,47648211133.0
Ethiopia,2014,55612228234.0
Ethiopia,2015,64589334979.0
Ethiopia,2016,74296618481.0
Ethiopia,2017,81770791971.0
Ethiopia,2018,84269348327.0
Ethiopia,2019,95912590628.0
Ethiopia,2020,107645000000.0
Fiji,2009,2870624636.0
Fiji,2010,3140508836.0
Fiji,2011,3774530616.0
Fiji,2012,3972012571.0
Fiji,2013,4190143206.0
Fiji,2014,4856963230.0
Fiji,2015,4682546863.0
Fiji,2016,4930204230.0
Fiji,2017,5353404422.0
Fiji,2018,5581393121.0
Fiji,2019,5496250694.0
Fiji,2020,4376014756.0
Finland,2009,252497000000.0
Finland,2010,249181000000.0
Finland,2011,275244000000.0
Finland,2012,258305000000.0
Finland,2013,271285000000.0
Finland,2014,274497000000.0
Finland,2015,234440000000.0
Finland,2016,240608000000.0
Finland,2017,255017000000.0
Finland,2018,275580000000.0
Finland,2019,268782000000.0
Finland,2020,269751000000.0
France,2009,2690220000000.0
France,2010,2642610000000.0
France,2011,2861410000000.0
France,2012,2683830000000.0
France,2013,2811080000000.0
France,2014,2852170000000.0
France,2015,2438210000000.0
France,2016,2471290000000.0
France,2017,2588740000000.0
France,2018,2789590000000.0
France,2019,2728870000000.0
France,2020,2630320000000.0
Georgia,2009,10766836277.0
Georgia,2010,12243505583.0
Georgia,2011,15107441447.0
Georgia,2012,16488403076.0
Georgia,2013,17189551521.0
Georgia,2014,17627003455.0
Georgia,2015,14953950557.0
Georgia,2016,15141758567.0
Georgia,2017,16242916916.0
Georgia,2018,17599700091.0
Georgia,2019,17477255562.0
Georgia,2020,15891688903.0
Germany,2009,3397790000000.0
Germany,2010,3396350000000.0
Germany,2011,3744410000000.0
Germany,2012,3527340000000.0
Germany,2013,3732740000000.0
Germany,2014,3883920000000.0
Germany,2015,3356240000000.0
Germany,2016,3467500000000.0
Germany,2017,3681730000000.0
Germany,2018,3975350000000.0
Germany,2019,3888330000000.0
Germany,2020,3846410000000.0
Ghana,2009,26048108185.0
Ghana,2010,32197272797.0
Ghana,2011,39337314810.0
Ghana,2012,41270954737.0
Ghana,2013,62823043699.0
Ghana,2014,51717482624.0
Ghana,2015,47498906692.0
Ghana,2016,54499451834.0
Ghana,2017,58845211998.0
Ghana,2018,65315955123.0
Ghana,2019,67234292583.0
Ghana,2020,72354428865.0
Greece,2009,330000000000.0
Greece,2010,296835000000.0
Greece,2011,282626000000.0
Greece,2012,242054000000.0
Greece,2013,238484000000.0
Greece,2014,235295000000.0
Greece,2015,195318000000.0
Greece,2016,192732000000.0
Greece,2017,199631000000.0
Greece,2018,212146000000.0
Greece,2019,205327000000.0
Greece,2020,189410000000.0
Guatemala,2009,37125943565.0
Guatemala,2010,40676432029.0
Guatemala,2011,46876114650.0
Guatemala,2012,49593961142.0
Guatemala,2013,52996540704.0
Guatemala,2014,57852399964.0
Guatemala,2015,62186186576.0
Guatemala,2016,66053725049.0
Guatemala,2017,71654134379.0
Guatemala,2018,73208583759.0
Guatemala,2019,77020015201.0
Guatemala,2020,77604632171.0
Honduras,2009,14587496229.0
Honduras,2010,15839344592.0
Honduras,2011,17710315006.0
Honduras,2012,18528601901.0
Honduras,2013,18499710128.0
Honduras,2014,19756494435.0
Honduras,2015,20979767785.0
Honduras,2016,21717622071.0
Honduras,2017,23136232230.0
Honduras,2018,24067778954.0
Honduras,2019,25089976947.0
Honduras,2020,23827840810.0
Hungary,2009,130760000000.0
Hungary,2010,131917000000.0
Hungary,2011,141760000000.0
Hungary,2012,128475000000.0
Hungary,2013,135412000000.0
Hungary,2014,140765000000.0
Hungary,2015,125074000000.0
Hungary,2016,128471000000.0
Hungary,2017,142962000000.0
Hungary,2018,160431000000.0
Hungary,2019,163504000000.0
Hungary,2020,155013000000.0
Iceland,2009,13154414219.0
Iceland,2010,13751161918.0
Iceland,2011,15221622926.0
Iceland,2012,14751508134.0
Iceland,2013,16125060515.0
Iceland,2014,17867662178.0
Iceland,2015,17517210519.0
Iceland,2016,20793168031.0
Iceland,2017,24728285177.0
Iceland,2018,26267063758.0
Iceland,2019,24857740445.0
Iceland,2020,21718075725.0
India,2009,1341890000000.0
India,2010,1675620000000.0
India,2011,1823050000000.0
India,2012,1827640000000.0
India,2013,1856720000000.0
India,2014,2039130000000.0
India,2015,2103590000000.0
India,2016,2294800000000.0
India,2017,2651470000000.0
India,2018,2701110000000.0
India,2019,2870500000000.0
India,2020,2622980000000.0
Indonesia,2009,539580000000.0
Indonesia,2010,755094000000.0
Indonesia,2011,892969000000.0
Indonesia,2012,917870000000.0
Indonesia,2013,912524000000.0
Indonesia,2014,890815000000.0
Indonesia,2015,860854000000.0
Indonesia,2016,931877000000.0
Indonesia,2017,1015620000000.0
Indonesia,2018,1042270000000.0
Indonesia,2019,1119090000000.0
Indonesia,2020,1058420000000.0
Iran,2009,416397000000.0
Iran,2010,486808000000.0
Iran,2011,580765000000.0
Iran,2012,598868000000.0
Iran,2013,460293000000.0
Iran,2014,432687000000.0
Iran,2015,384951000000.0
Iran,2016,417984000000.0
Iran,2017,445345000000.0
Iran,2018,294357000000.0
Iran,2019,258245000000.0
Iran,2020,191718000000.0
Iraq,2009,111658000000.0
Iraq,2010,138517000000.0
Iraq,2011,185750000000.0
Iraq,2012,218002000000.0
Iraq,2013,234638000000.0
Iraq,2014,228416000000.0
Iraq,2015,166774000000.0
Iraq,2016,166602000000.0
Iraq,2017,190644000000.0
Iraq,2018,212272000000.0
Iraq,2019,222434000000.0
Iraq,2020,167224000000.0
Ireland,2009,235509000000.0
Ireland,2010,221660000000.0
Ireland,2011,238663000000.0
Ireland,2012,225510000000.0
Ireland,2013,238212000000.0
Ireland,2014,258625000000.0
Ireland,2015,291463000000.0
Ireland,2016,298725000000.0
Ireland,2017,334602000000.0
Ireland,2018,384854000000.0
Ireland,2019,399122000000.0
Ireland,2020,425889000000.0
Israel,2009,207499000000.0
Israel,2010,234000000000.0
Israel,2011,261014000000.0
Israel,2012,257173000000.0
Israel,2013,292693000000.0
Israel,2014,310048000000.0
Israel,2015,300122000000.0
Israel,2016,318617000000.0
Israel,2017,352668000000.0
Israel,2018,370456000000.0
Israel,2019,394652000000.0
Israel,2020,401954000000.0
Italy,2009,2191240000000.0
Italy,2010,2134020000000.0
Italy,2011,2291990000000.0
Italy,2012,2087080000000.0
Italy,2013,2141320000000.0
Italy,2014,2159130000000.0
Italy,2015,1835900000000.0
Italy,2016,1875800000000.0
Italy,2017,1956950000000.0
Italy,2018,2091120000000.0
Italy,2019,2004910000000.0
Italy,2020,1886450000000.0
Ivory Coast,2009,24375209178.0
Ivory Coast,2010,24908781285.0
Ivory Coast,2011,25414875503.0
Ivory Coast,2012,26789047555.0
Ivory Coast,2013,31273074528.0
Ivory Coast,2014,35363533866.0
Ivory Coast,2015,45814637971.0
Ivory Coast,2016,47964234560.0
Ivory Coast,2017,51588158718.0
Ivory Coast,2018,58011466451.0
Ivory Coast,2019,58539424930.0
Ivory Coast,2020,61348579465.0
Jamaica,2009,12120460873.0
Jamaica,2010,13220556883.0
Jamaica,2011,14444655300.0
Jamaica,2012,14807086889.0
Jamaica,2013,14264202737.0
Jamaica,2014,13899228824.0
Jamaica,2015,14188935948.0
Jamaica,2016,14077109397.0
Jamaica,2017,14808989993.0
Jamaica,2018,15730793853.0
Jamaica,2019,15830768550.0
Jamaica,2020,13812421803.0
Japan,2009,5289490000000.0
Japan,2010,5759070000000.0
Japan,2011,6233150000000.0
Japan,2012,6272360000000.0
Japan,2013,5212330000000.0
Japan,2014,4896990000000.0
Japan,2015,4444930000000.0
Japan,2016,5003680000000.0
Japan,2017,4930840000000.0
Japan,2018,5036890000000.0
Japan,2019,5148780000000.0
Japan,2020,4975420000000.0
Jordan,2009,24537876056.0
Jordan,2010,27133804225.0
Jordan,2011,29524149155.0
Jordan,2012,31634561690.0
Jordan,2013,34454440141.0
Jordan,2014,36847643521.0
Jordan,2015,38587017887.0
Jordan,2016,39892551127.0
Jordan,2017,41408960845.0
Jordan,2018,42932112676.0
Jordan,2019,44502895915.0
Jordan,2020,43697659275.0
Kazakhstan,2009,115309000000.0
Kazakhstan,2010,148047000000.0
Kazakhstan,2011,192627000000.0
Kazakhstan,2012,207999000000.0
Kazakhstan,2013,236635000000.0
Kazakhstan,2014,221416000000.0
Kazakhstan,2015,184388000000.0
Kazakhstan,2016,137278000000.0
Kazakhstan,2017,166806000000.0
Kazakhstan,2018,179340000000.0
Kazakhstan,2019,181667000000.0
Kazakhstan,2020,169835000000.0
Kenya,2009,37021512049.0
Kenya,2010,40000088347.0
Kenya,2011,41953433591.0
Kenya,2012,50412754861.0
Kenya,2013,55096728048.0
Kenya,2014,61448046802.0
Kenya,2015,64007750169.0
Kenya,2016,69188755364.0
Kenya,2017,78965004656.0
Kenya,2018,87778582964.0
Kenya,2019,95503088538.0
Kenya,2020,98842939649.0
Kuwait,2009,105963000000.0
Kuwait,2010,115419000000.0
Kuwait,2011,154068000000.0
Kuwait,2012,174070000000.0
Kuwait,2013,174161000000.0
Kuwait,2014,162631000000.0
Kuwait,2015,114567000000.0
Kuwait,2016,109420000000.0
Kuwait,2017,120707000000.0
Kuwait,2018,138182000000.0
Kuwait,2019,136197000000.0
Kuwait,2020,128604000000.0
Latvia,2009,26317286628.0
Latvia,2010,23869752327.0
Latvia,2011,28374734038.0
Latvia,2012,28324787664.0
Latvia,2013,30436727789.0
Latvia,2014,31329367173.0
Latvia,2015,27239653844.0
Latvia,2016,28052325862.0
Latvia,2017,30383528686.0
Latvia,2018,34399206590.0
Latvia,2019,34055464655.0
Latvia,2020,33505185229.0
Lebanon,2009,35399582929.0
Lebanon,2010,38443907042.0
Lebanon,2011,39927125961.0
Lebanon,2012,44035991746.0
Lebanon,2013,46909335135.0
Lebanon,2014,48134486625.0
Lebanon,2015,49939374833.0
Lebanon,2016,51205122504.0
Lebanon,2017,53140638269.0
Lebanon,2018,54961275742.0
Lebanon,2019,51991634492.0
Lebanon,2020,33383246858.0
Libya,2009,63028320702.0
Libya,2010,74773444901.0
Libya,2011,34699395524.0
Libya,2012,81873662519.0
Libya,2013,65502870174.0
Libya,2014,41142722414.0
Libya,2015,27842131480.0
Libya,2016,26197143268.0
Libya,2017,37883243650.0
Libya,2018,52607888718.0
Libya,2019,52091152228.0
Libya,2020,25418461532.0
Lithuania,2009,37388122046.0
Lithuania,2010,37128694028.0
Lithuania,2011,43535051482.0
Lithuania,2012,42927454291.0
Lithuania,2013,46523420074.0
Lithuania,2014,48533659592.0
Lithuania,2015,41418872976.0
Lithuania,2016,43018087238.0
Lithuania,2017,47640770634.0
Lithuania,2018,53696648755.0
Lithuania,2019,54639938780.0
Lithuania,2020,55887271833.0
Luxembourg,2009,51370543206.0
Luxembourg,2010,53212476812.0
Luxembourg,2011,60004630234.0
Luxembourg,2012,56677961787.0
Luxembourg,2013,61739352212.0
Luxembourg,2014,66103853237.0
Luxembourg,2015,57744457955.0
Luxembourg,2016,60691483443.0
Luxembourg,2017,64023412340.0
Luxembourg,2018,70885325883.0
Luxembourg,2019,71104919108.0
Luxembourg,2020,73263982103.0
Malaysia,2009,202258000000.0
Malaysia,2010,255017000000.0
Malaysia,2011,297952000000.0
Malaysia,2012,314443000000.0
Malaysia,2013,323277000000.0
Malaysia,2014,338062000000.0
Malaysia,2015,301355000000.0
Malaysia,2016,301255000000.0
Malaysia,2017,319112000000.0
Malaysia,2018,358715000000.0
Malaysia,2019,364681000000.0
Malaysia,2020,336664000000.0
Malta,2009,8696366907.0
Malta,2010,9035932122.0
Malta,2011,9638916481.0
Malta,2012,9462238211.0
Malta,2013,10551661177.0
Malta,2014,11626281387.0
Malta,2015,11091434484.0
Malta,2016,11721521913.0
Malta,2017,13221298308.0
Malta,2018,14864712990.0
Malta,2019,15215714309.0
Malta,2020,14647384608.0
Mauritius,2009,9128843109.0
Mauritius,2010,10003670690.0
Mauritius,2011,11518413430.0
Mauritius,2012,11668696526.0
Mauritius,2013,12129658758.0
Mauritius,2014,12803438965.0
Mauritius,2015,11692287066.0
Mauritius,2016,12232469392.0
Mauritius,2017,13259348214.0
Mauritius,2018,14181930162.0
Mauritius,2019,14046337855.0
Mauritius,2020,10914065306.0
Mexico,2009,900045000000.0
Mexico,2010,1057800000000.0
Mexico,2011,1180490000000.0
Mexico,2012,1201090000000.0
Mexico,2013,1274440000000.0
Mexico,2014,1315350000000.0
Mexico,2015,1171870000000.0
Mexico,2016,1078490000000.0
Mexico,2017,1158910000000.0
Mexico,2018,1222350000000.0
Mexico,2019,1268870000000.0
Mexico,2020,1076160000000.0
Moldova,2009,5439422031.0
Moldova,2010,6974960345.0
Moldova,2011,8414360656.0
Moldova,2012,8709165249.0
Moldova,2013,9496684701.0
Moldova,2014,9510219299.0
Moldova,2015,7745231660.0
Moldova,2016,8071480541.0
Moldova,2017,9669759987.0
Moldova,2018,11456728401.0
Moldova,2019,11968699006.0
Moldova,2020,11914040905.0
Monaco,2009,5451653237.0
Monaco,2010,5367625613.0
Monaco,2011,6088808463.0
Monaco,2012,5743029680.0
Monaco,2013,6555983530.0
Monaco,2014,7069616049.0
Monaco,2015,6261622101.0
Monaco,2016,6472990923.0
Monaco,2017,6431314957.0
Monaco,2018,7194024563.0
Monaco,2019,7423709840.0
Monaco,2020,6828796430.0
Mongolia,2009,4583850368.0
Mongolia,2010,7189481824.0
Mongolia,2011,10409797649.0
Mongolia,2012,12292770631.0
Mongolia,2013,12582122604.0
Mongolia,2014,12226514722.0
Mongolia,2015,11749620620.0
Mongolia,2016,11186734674.0
Mongolia,2017,11425755280.0
Mongolia,2018,13108769496.0
Mongolia,2019,13996719329.0
Mongolia,2020,13137128659.0
Montenegro,2009,4159330370.0
Montenegro,2010,4143033276.0
Montenegro,2011,4544516982.0
Montenegro,2012,4087725813.0
Montenegro,2013,4466040643.0
Montenegro,2014,4594024180.0
Montenegro,2015,4054712083.0
Montenegro,2016,4377033429.0
Montenegro,2017,4856632399.0
Montenegro,2018,5506767832.0
Montenegro,2019,5542674765.0
Montenegro,2020,4778582336.0
Morocco,2009,92897320376.0
Morocco,2010,93216746662.0
Morocco,2011,101370000000.0
Morocco,2012,98266306615.0
Morocco,2013,106826000000.0
Morocco,2014,110081000000.0
Morocco,2015,101180000000.0
Morocco,2016,103312000000.0
Morocco,2017,109683000000.0
Morocco,2018,118096000000.0
Morocco,2019,119700000000.0
Morocco,2020,112871000000.0
Mozambique,2009,11914471497.0
Mozambique,2010,11104648673.0
Mozambique,2011,14381552433.0
Mozambique,2012,16350804543.0
Mozambique,2013,16974320551.0
Mozambique,2014,17716084108.0
Mozambique,2015,15950969019.0
Mozambique,2016,11936999283.0
Mozambique,2017,13219084261.0
Mozambique,2018,14845870051.0
Mozambique,2019,15291448212.0
Mozambique,2020,14021421106.0
Myanmar,2009,42214048043.0
Myanmar,2010,51518307518.0
Myanmar,2011,54148124619.0
Myanmar,2012,53254531558.0
Myanmar,2013,58175459730.0
Myanmar,2014,59640204522.0
Myanmar,2015,60291736894.0
Myanmar,2016,61449392056.0
Myanmar,2017,67144725831.0
Myanmar,2018,68697759361.0
Myanmar,2019,79844294296.0
Myanmar,2020,76185586097.0
Namibia,2009,8938868166.0
Namibia,2010,11431334447.0
Namibia,2011,12523402327.0
Namibia,2012,13042007432.0
Namibia,2013,12043276401.0
Namibia,2014,12435416063.0
Namibia,2015,11335179561.0
Namibia,2016,10721994676.0
Namibia,2017,12895153157.0
Namibia,2018,13681065175.0
Namibia,2019,12565772085.0
Namibia,2020,10699926683.0
Nepal,2009,12854985464.0
Nepal,2010,16002656434.0
Nepal,2011,21621710003.0
Nepal,2012,21703106502.0
Nepal,2013,22162208956.0
Nepal,2014,22731602970.0
Nepal,2015,24360795410.0
Nepal,2016,24524098184.0
Nepal,2017,28971589213.0
Nepal,2018,33111525183.0
Nepal,2019,34186180695.0
Nepal,2020,33657175561.0
Netherlands,2009,868077000000.0
Netherlands,2010,846555000000.0
Netherlands,2011,904086000000.0
Netherlands,2012,838971000000.0
Netherlands,2013,876924000000.0
Netherlands,2014,890981000000.0
Netherlands,2015,765265000000.0
Netherlands,2016,783528000000.0
Netherlands,2017,831810000000.0
Netherlands,2018,913597000000.0
Netherlands,2019,910194000000.0
Netherlands,2020,913865000000.0
New Zealand,2009,121374000000.0
New Zealand,2010,146518000000.0
New Zealand,2011,168291000000.0
New Zealand,2012,176207000000.0
New Zealand,2013,190907000000.0
New Zealand,2014,201313000000.0
New Zealand,2015,178064000000.0
New Zealand,2016,188943000000.0
New Zealand,2017,206951000000.0
New Zealand,2018,212226000000.0
New Zealand,2019,212891000000.0
New Zealand,2020,210886000000.0
Nigeria,2009,291880000000.0
Nigeria,2010,361457000000.0
Nigeria,2011,404994000000.0
Nigeria,2012,455502000000.0
Nigeria,2013,508693000000.0
Nigeria,2014,546676000000.0
Nigeria,2015,486803000000.0
Nigeria,2016,404650000000.0
Nigeria,2017,375746000000.0
Nigeria,2018,397190000000.0
Nigeria,2019,448120000000.0
Nigeria,2020,432294000000.0
Norway,2009,386190000000.0
Norway,2010,428757000000.0
Norway,2011,498283000000.0
Norway,2012,509506000000.0
Norway,2013,522762000000.0
Norway,2014,498410000000.0
Norway,2015,385802000000.0
Norway,2016,368827000000.0
Norway,2017,398394000000.0
Norway,2018,437000000000.0
Norway,2019,405510000000.0
Norway,2020,362522000000.0
Oman,2009,48388363516.0
Oman,2010,56913065779.0
Oman,2011,67871907375.0
Oman,2012,76511069704.0
Oman,2013,78555622509.0
Oman,2014,80686929102.0
Oman,2015,68420257567.0
Oman,2016,65441278668.0
Oman,2017,70585606844.0
Oman,2018,79788768969.0
Oman,2019,76331518669.0
Oman,2020,64177167089.0
Pakistan,2009,168153000000.0
Pakistan,2010,177166000000.0
Pakistan,2011,213587000000.0
Pakistan,2012,224384000000.0
Pakistan,2013,231219000000.0
Pakistan,2014,244361000000.0
Pakistan,2015,270556000000.0
Pakistan,2016,278655000000.0
Pakistan,2017,304567000000.0
Pakistan,2018,314568000000.0
Pakistan,2019,278222000000.0
Pakistan,2020,263687000000.0
Panama,2009,27116635600.0
Panama,2010,29440300000.0
Panama,2011,34686200000.0
Panama,2012,40429700000.0
Panama,2013,45599900000.0
Panama,2014,49921400000.0
Panama,2015,54091800000.0
Panama,2016,57907700000.0
Panama,2017,62202700000.0
Panama,2018,64928300000.0
Panama,2019,66787900000.0
Panama,2020,52938100000.0
Paraguay,2009,22355601273.0
Paraguay,2010,27237782850.0
Paraguay,2011,33756238767.0
Paraguay,2012,33296438306.0
Paraguay,2013,38651334288.0
Paraguay,2014,40377987209.0
Paraguay,2015,36211372703.0
Paraguay,2016,36089550659.0
Paraguay,2017,38997129474.0
Paraguay,2018,40225448341.0
Paraguay,2019,37906944075.0
Paraguay,2020,35304238230.0
Peru,2009,120823000000.0
Peru,2010,147529000000.0
Peru,2011,171762000000.0
Peru,2012,192649000000.0
Peru,2013,201175000000.0
Peru,2014,200789000000.0
Peru,2015,189805000000.0
Peru,2016,191896000000.0
Peru,2017,211007000000.0
Peru,2018,222575000000.0
Peru,2019,228471000000.0
Peru,2020,202014000000.0
Philippines,2009,176132000000.0
Philippines,2010,208369000000.0
Philippines,2011,234217000000.0
Philippines,2012,261921000000.0
Philippines,2013,283903000000.0
Philippines,2014,297483000000.0
Philippines,2015,306446000000.0
Philippines,2016,318627000000.0
Philippines,2017,328481000000.0
Philippines,2018,346842000000.0
Philippines,2019,376823000000.0
Philippines,2020,361489000000.0
Poland,2009,439738000000.0
Poland,2010,479834000000.0
Poland,2011,528301000000.0
Poland,2012,498524000000.0
Poland,2013,521016000000.0
Poland,2014,542477000000.0
Poland,2015,477812000000.0
Poland,2016,472630000000.0
Poland,2017,526509000000.0
Poland,2018,587409000000.0
Poland,2019,595862000000.0
Poland,2020,594165000000.0
Portugal,2009,243702000000.0
Portugal,2010,237881000000.0
Portugal,2011,244797000000.0
Portugal,2012,216237000000.0
Portugal,2013,226370000000.0
Portugal,2014,229596000000.0
Portugal,2015,199314000000.0
Portugal,2016,206286000000.0
Portugal,2017,220811000000.0
Portugal,2018,242195000000.0
Portugal,2019,239511000000.0
Portugal,2020,231227000000.0
Qatar,2009,97798351648.0
Qatar,2010,125122000000.0
Qatar,2011,167775000000.0
Qatar,2012,186834000000.0
Qatar,2013,198728000000.0
Qatar,2014,206225000000.0
Qatar,2015,161740000000.0
Qatar,2016,151732000000.0
Qatar,2017,161099000000.0
Qatar,2018,183335000000.0
Qatar,2019,175838000000.0
Qatar,2020,146374000000.0
Romania,2009,174104000000.0
Romania,2010,166309000000.0
Romania,2011,183327000000.0
Romania,2012,170636000000.0
Romania,2013,190801000000.0
Romania,2014,199959000000.0
Romania,2015,177729000000.0
Romania,2016,188129000000.0
Romania,2017,211695000000.0
Romania,2018,241457000000.0
Romania,2019,249697000000.0
Romania,2020,248716000000.0
Russia,2009,1222640000000.0
Russia,2010,1524920000000.0
Russia,2011,2045930000000.0
Russia,2012,2208300000000.0
Russia,2013,2292470000000.0
Russia,2014,2059240000000.0
Russia,2015,1363480000000.0
Russia,2016,1276790000000.0
Russia,2017,1574200000000.0
Russia,2018,1657330000000.0
Russia,2019,1687450000000.0
Russia,2020,1483500000000.0
Rwanda,2009,5671332138.0
Rwanda,2010,6121234529.0
Rwanda,2011,6881038270.0
Rwanda,2012,7650300320.0
Rwanda,2013,7815599503.0
Rwanda,2014,8241332517.0
Rwanda,2015,8539048448.0
Rwanda,2016,8690485823.0
Rwanda,2017,9253098954.0
Rwanda,2018,9640280084.0
Rwanda,2019,10355974217.0
Rwanda,2020,10333991892.0
Saudi Arabia,2009,429098000000.0
Saudi Arabia,2010,528207000000.0
Saudi Arabia,2011,671239000000.0
Saudi Arabia,2012,735975000000.0
Saudi Arabia,2013,746647000000.0
Saudi Arabia,2014,756350000000.0
Saudi Arabia,2015,654270000000.0
Saudi Arabia,2016,644936000000.0
Saudi Arabia,2017,688586000000.0
Saudi Arabia,2018,786522000000.0
Saudi Arabia,2019,792967000000.0
Saudi Arabia,2020,700118000000.0
Serbia,2009,45162894381.0
Serbia,2010,41819468692.0
Serbia,2011,49258136129.0
Serbia,2012,43309252921.0
Serbia,2013,48394239475.0
Serbia,2014,47062206678.0
Serbia,2015,39655958843.0
Serbia,2016,40692643373.0
Serbia,2017,44179055280.0
Serbia,2018,50640650221.0
Serbia,2019,51475016532.0
Serbia,2020,52960134079.0
Seychelles,2009,847397850.1
Seychelles,2010,969936525.3
Seychelles,2011,1065826670.0
Seychelles,2012,1060226126.0
Seychelles,2013,1328157609.0
Seychelles,2014,1343007845.0
Seychelles,2015,1377495054.0
Seychelles,2016,1426651769.0
Seychelles,2017,1524486800.0
Seychelles,2018,1586009000.0
Seychelles,2019,1581380269.0
Seychelles,2020,1124937500.0
Singapore,2009,194152000000.0
Singapore,2010,239809000000.0
Singapore,2011,279351000000.0
Singapore,2012,295087000000.0
Singapore,2013,307576000000.0
Singapore,2014,314851000000.0
Singapore,2015,308004000000.0
Singapore,2016,318764000000.0
Singapore,2017,343338000000.0
Singapore,2018,375982000000.0
Singapore,2019,374386000000.0
Singapore,2020,339998000000.0
Slovakia,2009,89046289247.0
Slovakia,2010,90310718349.0
Slovakia,2011,99122802874.0
Slovakia,2012,94534730681.0
Slovakia,2013,98848641555.0
Slovakia,2014,101190000000.0
Slovakia,2015,88467555244.0
Slovakia,2016,89655253976.0
Slovakia,2017,95209466459.0
Slovakia,2018,105475000000.0
Slovakia,2019,105119000000.0
Slovakia,2020,104574000000.0
Slovenia,2009,50368056405.0
Slovenia,2010,48161250405.0
Slovenia,2011,51516366655.0
Slovenia,2012,46580457470.0
Slovenia,2013,48401896808.0
Slovenia,2014,49930685013.0
Slovenia,2015,43090173395.0
Slovenia,2016,44736333522.0
Slovenia,2017,48469082710.0
Slovenia,2018,54137142149.0
Slovenia,2019,54178877606.0
Slovenia,2020,53589609581.0
Somalia,2009,1619660115.0
Somalia,2010,1659813948.0
Somalia,2011,1699967781.0
Somalia,2012,1740121614.0
Somalia,2013,3892402685.0
Somalia,2014,3963532302.0
Somalia,2015,4048860871.0
Somalia,2016,4198485404.0
Somalia,2017,4508845348.0
Somalia,2018,4720727283.0
Somalia,2019,4942319041.0
Somalia,2020,4917607582.0
South Africa,2009,295936000000.0
South Africa,2010,375349000000.0
South Africa,2011,416419000000.0
South Africa,2012,396333000000.0
South Africa,2013,366829000000.0
South Africa,2014,350905000000.0
South Africa,2015,317621000000.0
South Africa,2016,296357000000.0
South Africa,2017,349554000000.0
South Africa,2018,368289000000.0
South Africa,2019,351432000000.0
South Africa,2020,301924000000.0
South Korea,2009,943942000000.0
South Korea,2010,1144070000000.0
South Korea,2011,1253220000000.0
South Korea,2012,1278430000000.0
South Korea,2013,1370800000000.0
South Korea,2014,1484320000000.0
South Korea,2015,1465770000000.0
South Korea,2016,1500110000000.0
South Korea,2017,1623900000000.0
South Korea,2018,1724850000000.0
South Korea,2019,1646740000000.0
South Korea,2020,1630530000000.0
Spain,2009,1485580000000.0
Spain,2010,1420720000000.0
Spain,2011,1478770000000.0
Spain,2012,1324820000000.0
Spain,2013,1354760000000.0
Spain,2014,1369400000000.0
Spain,2015,1195120000000.0
Spain,2016,1232080000000.0
Spain,2017,1309300000000.0
Spain,2018,1420300000000.0
Spain,2019,1393050000000.0
Spain,2020,1281480000000.0
Sri Lanka,2009,42066217872.0
Sri Lanka,2010,56725749222.0
Sri Lanka,2011,65292753005.0
Sri Lanka,2012,68434409315.0
Sri Lanka,2013,74317806538.0
Sri Lanka,2014,79356449841.0
Sri Lanka,2015,80604080689.0
Sri Lanka,2016,82401038710.0
Sri Lanka,2017,87421762729.0
Sri Lanka,2018,87954272082.0
Sri Lanka,2019,83975584254.0
Sri Lanka,2020,80706600229.0
Suriname,2009,3875409836.0
Suriname,2010,4368398048.0
Suriname,2011,4422276622.0
Suriname,2012,4980000000.0
Suriname,2013,5145757576.0
Suriname,2014,5240606061.0
Suriname,2015,5126291451.0
Suriname,2016,3317438911.0
Suriname,2017,3591623596.0
Suriname,2018,3996247906.0
Suriname,2019,4221373022.0
Suriname,2020,3807922874.0
Sweden,2009,436537000000.0
Sweden,2010,495813000000.0
Sweden,2011,574094000000.0
Sweden,2012,552484000000.0
Sweden,2013,586842000000.0
Sweden,2014,581964000000.0
Sweden,2015,505104000000.0
Sweden,2016,515655000000.0
Sweden,2017,541019000000.0
Sweden,2018,555455000000.0
Sweden,2019,533880000000.0
Sweden,2020,541064000000.0
Switzerland,2009,558200000000.0
Switzerland,2010,603434000000.0
Switzerland,2011,722038000000.0
Switzerland,2012,692110000000.0
Switzerland,2013,712748000000.0
Switzerland,2014,734397000000.0
Switzerland,2015,702150000000.0
Switzerland,2016,695601000000.0
Switzerland,2017,704479000000.0
Switzerland,2018,735539000000.0
Switzerland,2019,731767000000.0
Switzerland,2020,752248000000.0
Syria,2009,26110586816.0
Syria,2010,26679057183.0
Syria,2011,27247527551.0
Syria,2012,27815997918.0
Syria,2013,28384468285.0
Syria,2014,28952938653.0
Syria,2015,29521409020.0
Syria,2016,30089879388.0
Syria,2017,30658349755.0
Syria,2018,31226820122.0
Syria,2019,31795290490.0
Syria,2020,32363760857.0
Tanzania,2009,29081425282.0
Tanzania,2010,32014249841.0
Tanzania,2011,34657139495.0
Tanzania,2012,39650530214.0
Tanzania,2013,45680532614.0
Tanzania,2014,49964788814.0
Tanzania,2015,47378599025.0
Tanzania,2016,49774021003.0
Tanzania,2017,53320625959.0
Tanzania,2018,57003713748.0
Tanzania,2019,61136873747.0
Tanzania,2020,62409748427.0
Thailand,2009,281710000000.0
Thailand,2010,341105000000.0
Thailand,2011,370819000000.0
Thailand,2012,397558000000.0
Thailand,2013,420333000000.0
Thailand,2014,407339000000.0
Thailand,2015,401296000000.0
Thailand,2016,413366000000.0
Thailand,2017,456357000000.0
Thailand,2018,506611000000.0
Thailand,2019,544264000000.0
Thailand,2020,501795000000.0
Tunisia,2009,43454935940.0
Tunisia,2010,44050929160.0
Tunisia,2011,45810626509.0
Tunisia,2012,45044138549.0
Tunisia,2013,46251074044.0
Tunisia,2014,47632390882.0
Tunisia,2015,43173531811.0
Tunisia,2016,41801284916.0
Tunisia,2017,39802554352.0
Tunisia,2018,39770478673.0
Tunisia,2019,39195716330.0
Tunisia,2020,39235672868.0
Turkey,2009,649273000000.0
Turkey,2010,776993000000.0
Turkey,2011,838763000000.0
Turkey,2012,880556000000.0
Turkey,2013,957783000000.0
Turkey,2014,938953000000.0
Turkey,2015,864317000000.0
Turkey,2016,869693000000.0
Turkey,2017,858996000000.0
Turkey,2018,778377000000.0
Turkey,2019,761428000000.0
Turkey,2020,720101000000.0
Uganda,2009,25019909335.0
Uganda,2010,26558908398.0
Uganda,2011,27752046902.0
Uganda,2012,27188667093.0
Uganda,2013,28791625085.0
Uganda,2014,32472362949.0
Uganda,2015,32248116473.0
Uganda,2016,29078589751.0
Uganda,2017,30744473840.0
Uganda,2018,32912338571.0
Uganda,2019,35170037381.0
Uganda,2020,37372032558.0
Ukraine,2009,117113000000.0
Ukraine,2010,136013000000.0
Ukraine,2011,163160000000.0
Ukraine,2012,175781000000.0
Ukraine,2013,183310000000.0
Ukraine,2014,133503000000.0
Ukraine,2015,91030959455.0
Ukraine,2016,93355993629.0
Ukraine,2017,112190000000.0
Ukraine,2018,130902000000.0
Ukraine,2019,153930000000.0
Ukraine,2020,155582000000.0
United Arab Emirates,2009,253547000000.0
United Arab Emirates,2010,289787000000.0
United Arab Emirates,2011,350666000000.0
United Arab Emirates,2012,374591000000.0
United Arab Emirates,2013,390108000000.0
United Arab Emirates,2014,403137000000.0
United Arab Emirates,2015,358135000000.0
United Arab Emirates,2016,357045000000.0
United Arab Emirates,2017,385606000000.0
United Arab Emirates,2018,422215000000.0
United Arab Emirates,2019,421142000000.0
United Arab Emirates,2020,371977000000.0
United Kingdom,2009,2412390000000.0
United Kingdom,2010,2481580000000.0
United Kingdom,2011,2659880000000.0
United Kingdom,2012,2704020000000.0
United Kingdom,2013,2783250000000.0
United Kingdom,2014,3065520000000.0
United Kingdom,2015,2932780000000.0
United Kingdom,2016,2693250000000.0
United Kingdom,2017,2662480000000.0
United Kingdom,2018,2857320000000.0
United Kingdom,2019,2830810000000.0
United Kingdom,2020,2707740000000.0
United States,2009,14448900000000.0
United States,2010,14992100000000.0
United States,2011,15542600000000.0
United States,2012,16197000000000.0
United States,2013,16784800000000.0
United States,2014,17527200000000.0
United States,2015,18238300000000.0
United States,2016,18745100000000.0
United States,2017,19543000000000.0
United States,2018,20611900000000.0
United States,2019,21433200000000.0
United States,2020,20936600000000.0
Uruguay,2009,31660911277.0
Uruguay,2010,40284481652.0
Uruguay,2011,47962439304.0
Uruguay,2012,51264390116.0
Uruguay,2013,57531233351.0
Uruguay,2014,57236013086.0
Uruguay,2015,53274304222.0
Uruguay,2016,57236652490.0
Uruguay,2017,64233966861.0
Uruguay,2018,64515038268.0
Uruguay,2019,61231149881.0
Uruguay,2020,53628827440.0
Uzbekistan,2009,33689223673.0
Uzbekistan,2010,46679875794.0
Uzbekistan,2011,56516280748.0
Uzbekistan,2012,63628854499.0
Uzbekistan,2013,68997168338.0
Uzbekistan,2014,76658542757.0
Uzbekistan,2015,81847410182.0
Uzbekistan,2016,81779012351.0
Uzbekistan,2017,59159945321.0
Uzbekistan,2018,50392607758.0
Uzbekistan,2019,57726542785.0
Uzbekistan,2020,57707189945.0
Venezuela,2009,329788000000.0
Venezuela,2010,393192000000.0
Venezuela,2011,316482000000.0
Venezuela,2012,381286000000.0
Venezuela,2013,371005000000.0
Venezuela,2014,482359000000.0
Venezuela,2015,259457000000.0
Venezuela,2016,265262000000.0
Venezuela,2017,271066000000.0
Venezuela,2018,276871000000.0
Venezuela,2019,282675000000.0
Venezuela,2020,288479000000.0
Vietnam,2009,106015000000.0
Vietnam,2010,115932000000.0
Vietnam,2011,135539000000.0
Vietnam,2012,155820000000.0
Vietnam,2013,171222000000.0
Vietnam,2014,186205000000.0
Vietnam,2015,193241000000.0
Vietnam,2016,205276000000.0
Vietnam,2017,223780000000.0
Vietnam,2018,245214000000.0
Vietnam,2019,261921000000.0
Vietnam,2020,271158000000.0
Yemen,2009,25130274124.0
Yemen,2010,30906749533.0
Yemen,2011,32726417212.0
Yemen,2012,35401341663.0
Yemen,2013,40415235702.0
Yemen,2014,43228585321.0
Yemen,2015,42445102387.0
Yemen,2016,30933825064.0
Yemen,2017,26736138945.0
Yemen,2018,23486269599.0
Yemen,2019,38353796248.0
Yemen,2020,39692175604.0
Zambia,2009,15328342304.0
Zambia,2010,20265559484.0
Zambia,2011,23459515276.0
Zambia,2012,25503060420.0
Zambia,2013,28037239463.0
Zambia,2014,27141023558.0
Zambia,2015,21251216799.0
Zambia,2016,20958412538.0
Zambia,2017,25873601261.0
Zambia,2018,26311637647.0
Zambia,2019,23308688906.0
Zambia,2020,19320053859.0
Zimbabwe,2009,9665793300.0
Zimbabwe,2010,12041655200.0
Zimbabwe,2011,14101920300.0
Zimbabwe,2012,17114849900.0
Zimbabwe,2013,19091020000.0
Zimbabwe,2014,19495519600.0
Zimbabwe,2015,19963120600.0
Zimbabwe,2016,20548678100.0
Zimbabwe,2017,19015327919.0
Zimbabwe,2018,19523622342.0
Zimbabwe,2019,16932434839.0
Zimbabwe,2020,16768513443.0
